response_id,respondent_id,submitted_at,Full Name,Email Address,Do you own a car?,Car Brand,Year of Manufacture,Additional Comments,Overall Satisfaction (1-5)
019e35eb-48dc-78a1-b5f6-6424019dd2cf,019e35eb-48da-73ef-8adf-3eb4c219d159,2026-05-17T12:31:12.601816+00:00,Alice Johnson,alice@example.com,Yes,Toyota,2020,Great service!,5
019e35eb-48e5-720d-893a-3f645f19438b,019e35eb-48e4-76eb-96b0-dddea61702bc,2026-05-17T12:31:12.609250+00:00,Bob Smith,bob@example.com,Yes,Honda,2018,Pretty good.,4
019e35eb-48ee-78cf-81a6-052eadf6bf96,019e35eb-48ed-7230-8ea0-7820c1e24336,2026-05-17T12:31:12.613203+00:00,Carol White,carol@example.com,Yes,Tesla,2022,Excellent!,5
019e35eb-48f7-710a-a279-0e3704644d95,019e35eb-48f6-71b2-9382-40fabab98885,2026-05-17T12:31:12.618041+00:00,David Brown,david@example.com,Yes,BMW,2019,Very satisfied.,4
019e35eb-4900-7b6d-ba41-71036661bfb2,019e35eb-48ff-7d2a-a2d4-a077c64c6f89,2026-05-17T12:31:12.622185+00:00,Eva Martinez,eva@example.com,Yes,Ford,2015,Decent experience.,3
019e35eb-4909-76cb-adcb-6eebaf457a27,019e35eb-4908-734b-9d2a-8be207c40c43,2026-05-17T12:31:12.626567+00:00,Frank Lee,frank@example.com,No,,,Good overall.,4
019e35eb-4910-78ef-b017-1d90ebd3cb50,019e35eb-490f-70a8-91fa-c8b64512ea6d,2026-05-17T12:31:12.629485+00:00,Grace Kim,grace@example.com,No,,,Loved it!,5
019e35eb-4917-744c-a197-d2f1805a44c4,019e35eb-4916-7e95-8d78-b7abafa98fd7,2026-05-17T12:31:12.632528+00:00,Henry Chen,henry@example.com,No,,,Could be better.,3
019e35eb-491e-716b-ad17-533a377b57c5,019e35eb-491d-78fb-8871-d9c33c95700a,2026-05-17T12:31:12.635749+00:00,Iris Patel,iris@example.com,No,,,Satisfactory.,4
019e35eb-4925-7e03-a214-0bd8c7b138be,019e35eb-4924-78b4-814d-60a1ba09334e,2026-05-17T12:31:12.638637+00:00,Jack Wilson,jack@example.com,No,,,Not bad.,3
019e3b43-05e8-7383-962f-241dd24b826e,019e3b43-05e7-7e79-9698-110f2e2c8500,2026-05-18T13:25:08.749292+00:00,Bob Jones,bob@test.com,No,,,,3
019e3b43-6f10-7324-9042-31b4017236ef,019e3b43-6f0d-73d3-b693-73bb02ab723c,2026-05-18T13:25:35.666237+00:00,Alice Smith,alice@test.com,Yes,Toyota,2020,,5
019e3b44-0dc0-7610-bfbc-0c941d93e9a0,019e3b44-0dbe-7416-ac20-03d3724d2d22,2026-05-18T13:26:16.292524+00:00,Test,t@t.com,No,,,,4
